[
  {
    "id": "6b57f7f5-2faf-49a2-892b-66be4ed4a592",
    "data": [
      {
        "text": "paid my yearly prime fee and my next order i get a delivery attempt sms even though i was waiting at the address not impressed",
        "userDefined": false
      }
    ],
    "isTemplate": false,
    "count": 0,
    "lang": "en",
    "updated": 0
  },
  {
    "id": "ee81c7f5-e05a-4049-8b45-58ad3123942b",
    "data": [
      {
        "text": "i order product on th oct and you ate company not able to deliver now making excuse to refund my money",
        "userDefined": false
      }
    ],
    "isTemplate": false,
    "count": 0,
    "lang": "en",
    "updated": 0
  },
  {
    "id": "ca165c1b-0f80-4090-ad62-c6fde5a992a4",
    "data": [
      {
        "text": "i hope sobut if not please you should find a way to refund me thanks",
        "userDefined": false
      }
    ],
    "isTemplate": false,
    "count": 0,
    "lang": "en",
    "updated": 0
  },
  {
    "id": "b18ced1c-0cb8-4ce4-9107-7272372c04ed",
    "data": [
      {
        "text": "please update me asap if you are going to help or not im really fed up now and need solution asap give me my account access else refund",
        "userDefined": false
      }
    ],
    "isTemplate": false,
    "count": 0,
    "lang": "en",
    "updated": 0
  },
  {
    "id": "dfe39dd2-799f-468d-9e52-87e19b9febc8",
    "data": [
      {
        "text": "no use of prime membership return my money",
        "userDefined": false
      }
    ],
    "isTemplate": false,
    "count": 0,
    "lang": "en",
    "updated": 0
  },
  {
    "id": "c2934b77-c5ef-4482-b463-a1e82708fc2a",
    "data": [
      {
        "text": "im yet to receive my refunds",
        "userDefined": false
      }
    ],
    "isTemplate": false,
    "count": 0,
    "lang": "en",
    "updated": 0
  },
  {
    "id": "63967133-55ee-4ca9-912f-0ba911b20ed5",
    "data": [
      {
        "text": "come on guys we spend a lot of money to have this service up and were on days without poor service",
        "userDefined": false
      }
    ],
    "isTemplate": false,
    "count": 0,
    "lang": "en",
    "updated": 0
  },
  {
    "id": "b262ccba-5d30-4b47-b797-249b4612aaf7",
    "data": [
      {
        "text": "am i going to get a refund",
        "userDefined": false
      }
    ],
    "isTemplate": false,
    "count": 0,
    "lang": "en",
    "updated": 0
  },
  {
    "id": "9042b02a-fc67-485d-85ce-855e54ceea80",
    "data": [
      {
        "text": "this is over times u people have been asking my number with conflicting responses frm so amp d likes u must refund my money",
        "userDefined": false
      }
    ],
    "isTemplate": false,
    "count": 0,
    "lang": "en",
    "updated": 0
  },
  {
    "id": "882793d2-d403-49f4-a3ca-743a513a426a",
    "data": [
      {
        "text": "Payment didn\u0027t go through",
        "userDefined": false
      }
    ],
    "isTemplate": false,
    "count": 0,
    "lang": "en",
    "updated": 0
  },
  {
    "id": "da80686a-dba6-458c-96e9-d877c92e957a",
    "data": [
      {
        "text": "I need help with my invoice",
        "userDefined": false
      }
    ],
    "isTemplate": false,
    "count": 0,
    "lang": "en",
    "updated": 0
  },
  {
    "id": "75a6d7b7-0beb-4ef2-b254-f86c9b492915",
    "data": [
      {
        "text": "I was overcharged",
        "userDefined": false
      }
    ],
    "isTemplate": false,
    "count": 0,
    "lang": "en",
    "updated": 0
  },
  {
    "id": "447edfef-0664-4c23-947d-299b578271bb",
    "data": [
      {
        "text": "My bill is wrong",
        "userDefined": false
      }
    ],
    "isTemplate": false,
    "count": 0,
    "lang": "en",
    "updated": 0
  },
  {
    "id": "e487085c-2a8c-4be8-a0de-5b8eb9122497",
    "data": [
      {
        "text": "I have a billing issue",
        "userDefined": false
      }
    ],
    "isTemplate": false,
    "count": 0,
    "lang": "en",
    "updated": 0
  },
  {
    "id": "2e020dfa-37c6-4340-8d3c-77efbef5cec0",
    "data": [
      {
        "text": "also paying for mbs because you didnt want me paying for mbs upcharge not getting it since the updown issues",
        "userDefined": false
      }
    ],
    "isTemplate": false,
    "count": 0,
    "lang": "en",
    "updated": 0
  },
  {
    "id": "9e3dc4bf-5caa-4de3-ab8d-26cd88615a84",
    "data": [
      {
        "text": "ive sent a dm to ask regarding a charge in my bank acc could you pls get back to me to advice",
        "userDefined": false
      }
    ],
    "isTemplate": false,
    "count": 0,
    "lang": "en",
    "updated": 0
  },
  {
    "id": "ce5e7727-79c6-4143-ac31-466e000fbc2d",
    "data": [
      {
        "text": "i called customer care when i tweeted this and they said double charge would be credited still no credit",
        "userDefined": false
      }
    ],
    "isTemplate": false,
    "count": 0,
    "lang": "en",
    "updated": 0
  },
  {
    "id": "c3a9368a-ff8e-496f-90d4-7e5a8c9072b7",
    "data": [
      {
        "text": "thats the thing i told customer service i created a new email address for the prime trial and forgot it what can i do so im not charged",
        "userDefined": false
      }
    ],
    "isTemplate": false,
    "count": 0,
    "lang": "en",
    "updated": 0
  },
  {
    "id": "70157018-91eb-4e69-bf1f-feb765f4b55d",
    "data": [
      {
        "text": "what happen to your system i could not sent my refund info to e form",
        "userDefined": false
      }
    ],
    "isTemplate": false,
    "count": 0,
    "lang": "en",
    "updated": 0
  },
  {
    "id": "7cd30452-9371-4ea7-80a5-3c0837e0424a",
    "data": [
      {
        "text": "less a billing issue i updated the exp date in acct more ps wasnt able to renew how do i make sure it stays currentnot lose anything",
        "userDefined": false
      }
    ],
    "isTemplate": false,
    "count": 0,
    "lang": "en",
    "updated": 0
  },
  {
    "id": "75403c79-8d9e-4180-b607-55f559003c65",
    "data": [
      {
        "text": "ive asked your sales rep about the payments and she wasnt ready to listen to any issues that i had",
        "userDefined": false
      }
    ],
    "isTemplate": false,
    "count": 0,
    "lang": "en",
    "updated": 0
  }
]