[
  {
    "id": "916b82fb-f74d-457b-ba8d-995df3ac6c13",
    "data": [
      {
        "text": "uber eats is the worst do not use uber",
        "userDefined": false
      }
    ],
    "isTemplate": false,
    "count": 0,
    "lang": "en",
    "updated": 0
  },
  {
    "id": "a470a2fb-61e3-4e2c-9a41-6673822dcd89",
    "data": [
      {
        "text": "i went to the store and asked for mnp they said id have to port in postpaid as prepaid service is blocked really a bad move for forcing customers to opt for postpaid",
        "userDefined": false
      }
    ],
    "isTemplate": false,
    "count": 0,
    "lang": "en",
    "updated": 0
  },
  {
    "id": "5485480b-404d-452e-9570-c1f577f6eff8",
    "data": [
      {
        "text": "issues with my home cable second time calling this week honestly the first time ive had a really bad experience with fios",
        "userDefined": false
      }
    ],
    "isTemplate": false,
    "count": 0,
    "lang": "en",
    "updated": 0
  },
  {
    "id": "566d0ef7-0f7d-47a2-a95d-4c0eceee1c07",
    "data": [
      {
        "text": "is there an email i can message ive been trying to buy premuim for ",
        "userDefined": false
      },
      {
        "text": "a few days",
        "meta": "@sys.duration",
        "alias": "duration",
        "userDefined": false
      },
      {
        "text": " but i keep getting the card bad day error",
        "userDefined": false
      }
    ],
    "isTemplate": false,
    "count": 0,
    "lang": "en",
    "updated": 0
  },
  {
    "id": "d1307261-4aa6-4721-af43-fa26bd1c510e",
    "data": [
      {
        "text": "getting really frustrated with lately starting to look around for new cable and internet provider",
        "userDefined": false
      }
    ],
    "isTemplate": false,
    "count": 0,
    "lang": "en",
    "updated": 0
  },
  {
    "id": "63a8a67a-8284-49b3-a80a-4951c98d1bb3",
    "data": [
      {
        "text": "its interesting how with every natural disaster you try to find a way to screw over those who are already the worst off",
        "userDefined": false
      }
    ],
    "isTemplate": false,
    "count": 0,
    "lang": "en",
    "updated": 0
  },
  {
    "id": "b1716e14-9e34-4a4a-8f64-27ffeec41f9a",
    "data": [
      {
        "text": "battery life just got worst",
        "userDefined": false
      }
    ],
    "isTemplate": false,
    "count": 0,
    "lang": "en",
    "updated": 0
  },
  {
    "id": "ee08d2b8-45f9-43e2-8905-bac378b38918",
    "data": [
      {
        "text": "i really hadthe worst experience ever from start to finish with will never fly internationally again with them",
        "userDefined": false
      }
    ],
    "isTemplate": false,
    "count": 0,
    "lang": "en",
    "updated": 0
  },
  {
    "id": "47c8466f-ceaf-4c0a-9a5d-bd0563c62a01",
    "data": [
      {
        "text": "im pissed my shuffle and repeat button just dont fucking work and im getting frustrated",
        "userDefined": false
      }
    ],
    "isTemplate": false,
    "count": 0,
    "lang": "en",
    "updated": 0
  },
  {
    "id": "6f3c5eef-54d9-4cae-9ca1-9b72b55764f7",
    "data": [
      {
        "text": "im not frustrated just sad but thanks for the compassion",
        "userDefined": false
      }
    ],
    "isTemplate": false,
    "count": 0,
    "lang": "en",
    "updated": 0
  },
  {
    "id": "13523e2a-ccd7-446a-a6ab-955462c9b3df",
    "data": [
      {
        "text": "This is unacceptable",
        "userDefined": false
      }
    ],
    "isTemplate": false,
    "count": 0,
    "lang": "en",
    "updated": 0
  },
  {
    "id": "e12ecd9d-8620-4abe-b247-77c8647a3cc3",
    "data": [
      {
        "text": "I want to report a problem",
        "userDefined": false
      }
    ],
    "isTemplate": false,
    "count": 0,
    "lang": "en",
    "updated": 0
  },
  {
    "id": "c61bb9d1-7ca1-4d7b-b2a9-4cd5f926bd02",
    "data": [
      {
        "text": "I\u0027m not satisfied",
        "userDefined": false
      }
    ],
    "isTemplate": false,
    "count": 0,
    "lang": "en",
    "updated": 0
  },
  {
    "id": "9c0ca4ca-c13b-460a-b708-f158545167f0",
    "data": [
      {
        "text": "I have a complaint",
        "userDefined": false
      }
    ],
    "isTemplate": false,
    "count": 0,
    "lang": "en",
    "updated": 0
  },
  {
    "id": "ef9340f8-a877-4860-8719-c97e33c2e6dc",
    "data": [
      {
        "text": "I want to file a complaint",
        "userDefined": false
      }
    ],
    "isTemplate": false,
    "count": 0,
    "lang": "en",
    "updated": 0
  }
]