[
  {
    "id": "c5d48e5d-130c-4a82-a5e2-4b6a65696f2a",
    "data": [
      {
        "text": "\" Wi-Fi is very slow”",
        "userDefined": false
      }
    ],
    "isTemplate": false,
    "count": 0,
    "lang": "en",
    "updated": 0
  },
  {
    "id": "82b0667f-dfe0-457a-b331-5f1dc67eec0c",
    "data": [
      {
        "text": "“Wi-Fi keeps disconnecting”",
        "userDefined": false
      }
    ],
    "isTemplate": false,
    "count": 0,
    "lang": "en",
    "updated": 0
  },
  {
    "id": "eb5fbd54-e2b3-42b0-a31d-722f38eebd8f",
    "data": [
      {
        "text": "“My Wi-Fi is not working”",
        "userDefined": false
      }
    ],
    "isTemplate": false,
    "count": 0,
    "lang": "en",
    "updated": 0
  },
  {
    "id": "fe84cb54-423d-418e-b7d9-dae86463c800",
    "data": [
      {
        "text": "I can\u0027t connect to the network",
        "userDefined": false
      }
    ],
    "isTemplate": false,
    "count": 0,
    "lang": "en",
    "updated": 0
  },
  {
    "id": "6fc75e5d-2cd8-4221-bab2-b4618543b4cc",
    "data": [
      {
        "text": "Wi-Fi is down",
        "userDefined": false
      }
    ],
    "isTemplate": false,
    "count": 0,
    "lang": "en",
    "updated": 0
  },
  {
    "id": "e7ed15f9-c299-48af-a12c-468b50105ad3",
    "data": [
      {
        "text": "My connection is slow",
        "userDefined": false
      }
    ],
    "isTemplate": false,
    "count": 0,
    "lang": "en",
    "updated": 0
  },
  {
    "id": "ec06e150-403b-4636-ade1-27d7282d38c7",
    "data": [
      {
        "text": "Internet is not working",
        "userDefined": false
      }
    ],
    "isTemplate": false,
    "count": 0,
    "lang": "en",
    "updated": 0
  },
  {
    "id": "7b664f23-d35c-4f51-a48d-dce4a0cba461",
    "data": [
      {
        "text": "I have network issues",
        "userDefined": false
      }
    ],
    "isTemplate": false,
    "count": 0,
    "lang": "en",
    "updated": 0
  },
  {
    "id": "f2c70149-6f3a-4d4b-93ad-eb9503acf0aa",
    "data": [
      {
        "text": "yall are trash why do i have to pay for unlimited data when the shift dont work unlimited",
        "userDefined": false
      }
    ],
    "isTemplate": false,
    "count": 0,
    "lang": "en",
    "updated": 0
  },
  {
    "id": "eb797534-47b1-4556-902c-4e214a07614d",
    "data": [
      {
        "text": "good morning i want to subscribe for a data plan and my money was deducted and i was not given data pls i need my dat",
        "userDefined": false
      }
    ],
    "isTemplate": false,
    "count": 0,
    "lang": "en",
    "updated": 0
  },
  {
    "id": "059dfddf-ce05-4444-86bf-fc0a499b4b7e",
    "data": [
      {
        "text": "hello long time customer would just like to get an update as to when the outage for our service in the area will be resolved it occurred yesterday and its been very hard to get service if only a weak signal when we are used to a near full strength connection thanks",
        "userDefined": false
      }
    ],
    "isTemplate": false,
    "count": 0,
    "lang": "en",
    "updated": 0
  },
  {
    "id": "cfdf1907-9664-4e76-a836-42c714c07527",
    "data": [
      {
        "text": "being super petty paid my bill days late cant get mins of my without it breaking and have to dump my wifi just to check my fantasy score",
        "userDefined": false
      }
    ],
    "isTemplate": false,
    "count": 0,
    "lang": "en",
    "updated": 0
  },
  {
    "id": "a0c7b0a8-e048-48bc-a312-fdf7a2dfde78",
    "data": [
      {
        "text": "ive set a gb data warning but i signed up under a gb plan will check the link",
        "userDefined": false
      }
    ],
    "isTemplate": false,
    "count": 0,
    "lang": "en",
    "updated": 0
  },
  {
    "id": "ec523c37-09fe-414b-ae01-cd8117193343",
    "data": [
      {
        "text": "internet is not wrking from day u made me to rechar wth internet nevr worked amp nw cals r also blockedu jst give excuses nthng else",
        "userDefined": false
      }
    ],
    "isTemplate": false,
    "count": 0,
    "lang": "en",
    "updated": 0
  },
  {
    "id": "8e652567-7f5e-4109-bd1d-6a4325f59dea",
    "data": [
      {
        "text": "outage details please",
        "userDefined": false
      }
    ],
    "isTemplate": false,
    "count": 0,
    "lang": "en",
    "updated": 0
  },
  {
    "id": "10dc220a-088e-450d-a3d1-5c47725992f8",
    "data": [
      {
        "text": "my iphone stuck on apple logo and keep rebooting what can i do to fix it without losing any data",
        "userDefined": false
      }
    ],
    "isTemplate": false,
    "count": 0,
    "lang": "en",
    "updated": 0
  },
  {
    "id": "fc3f7496-79b3-43bd-b7c8-d4e5d9cc47a9",
    "data": [
      {
        "text": "internet in summerlin is out",
        "userDefined": false
      }
    ],
    "isTemplate": false,
    "count": 0,
    "lang": "en",
    "updated": 0
  },
  {
    "id": "9b4f74b7-e55d-4ad2-a5ed-c4335fb082c0",
    "data": [
      {
        "text": "is the internet down in central scottsdale",
        "userDefined": false
      }
    ],
    "isTemplate": false,
    "count": 0,
    "lang": "en",
    "updated": 0
  },
  {
    "id": "82f24dda-7170-4302-a1be-55ce3ac99355",
    "data": [
      {
        "text": "ive sent it in a dm i just need our wifi to work please do something",
        "userDefined": false
      }
    ],
    "isTemplate": false,
    "count": 0,
    "lang": "en",
    "updated": 0
  },
  {
    "id": "fa2e8e1d-d6a5-430a-9bd5-1175dfa006d8",
    "data": [
      {
        "text": "the internet came back up late last night thank you",
        "userDefined": false
      }
    ],
    "isTemplate": false,
    "count": 0,
    "lang": "en",
    "updated": 0
  },
  {
    "id": "8db478ca-cb27-407a-a6fa-c70ce7ebae91",
    "data": [
      {
        "text": "biggest regret of signing up with still waiting for them to give me the internet theyre charging me for",
        "userDefined": false
      }
    ],
    "isTemplate": false,
    "count": 0,
    "lang": "en",
    "updated": 0
  },
  {
    "id": "3da3ad27-43ee-4e3d-bd8e-38bd577efd41",
    "data": [
      {
        "text": "internet has been down for almost mins now",
        "userDefined": false
      }
    ],
    "isTemplate": false,
    "count": 0,
    "lang": "en",
    "updated": 0
  },
  {
    "id": "6f34c8f2-3da5-4558-8b1e-4ee799b4b655",
    "data": [
      {
        "text": "i appreciate it sorry for being snappy frustrated that this is the th outage this month appreciate your assistance",
        "userDefined": false
      }
    ],
    "isTemplate": false,
    "count": 0,
    "lang": "en",
    "updated": 0
  }
]