[
  {
    "id": "e1fcd4a5-3566-43b0-b697-c61bc0143225",
    "data": [
      {
        "text": "its been hrs still no response from your side",
        "userDefined": false
      }
    ],
    "isTemplate": false,
    "count": 0,
    "lang": "en",
    "updated": 0
  },
  {
    "id": "589757f6-5dc0-4335-90af-c289de7ae015",
    "data": [
      {
        "text": "i still am not able to upload",
        "userDefined": false
      }
    ],
    "isTemplate": false,
    "count": 0,
    "lang": "en",
    "updated": 0
  },
  {
    "id": "cfce4b9d-17fc-4e32-9de0-bbe60af6481f",
    "data": [
      {
        "text": "i dmd you still no response",
        "userDefined": false
      }
    ],
    "isTemplate": false,
    "count": 0,
    "lang": "en",
    "updated": 0
  },
  {
    "id": "e63f69da-4536-421c-b364-b709aae527da",
    "data": [
      {
        "text": "its still the same",
        "userDefined": false
      }
    ],
    "isTemplate": false,
    "count": 0,
    "lang": "en",
    "updated": 0
  },
  {
    "id": "f09b24e6-76a8-422c-9411-8acf6ef1c903",
    "data": [
      {
        "text": "overcharged my luggage and now theres no water on this hr flight and its delayed not a good look on flight",
        "userDefined": false
      }
    ],
    "isTemplate": false,
    "count": 0,
    "lang": "en",
    "updated": 0
  },
  {
    "id": "38ffbec7-3d02-4826-a20c-d333892aece2",
    "data": [
      {
        "text": "still waiting for my account to be closed amp an email from uber teamits been more than hrs nowthats not good customer service at all",
        "userDefined": false
      }
    ],
    "isTemplate": false,
    "count": 0,
    "lang": "en",
    "updated": 0
  },
  {
    "id": "6b297af8-05a2-454e-b848-2cf92225bf92",
    "data": [
      {
        "text": "still issue not resolved",
        "userDefined": false
      }
    ],
    "isTemplate": false,
    "count": 0,
    "lang": "en",
    "updated": 0
  },
  {
    "id": "f2d85fd5-52e3-496d-98dc-3896846def49",
    "data": [
      {
        "text": "still issue not solve in given date period i got message ie complain resolved now what should i do",
        "userDefined": false
      }
    ],
    "isTemplate": false,
    "count": 0,
    "lang": "en",
    "updated": 0
  },
  {
    "id": "49bc5d96-bffd-4f5f-b8cc-be4fc716fda0",
    "data": [
      {
        "text": "still not working",
        "userDefined": false
      }
    ],
    "isTemplate": false,
    "count": 0,
    "lang": "en",
    "updated": 0
  },
  {
    "id": "57f62331-5466-4704-aac0-21de947daebe",
    "data": [
      {
        "text": "um my account was locked as soon as i tried to login on desktop i still havent received an email on how to get it unlocked",
        "userDefined": false
      }
    ],
    "isTemplate": false,
    "count": 0,
    "lang": "en",
    "updated": 0
  },
  {
    "id": "b766fcdd-3821-4038-a35a-cf2aecda7a70",
    "data": [
      {
        "text": "well ive already called customer service three times and they still havent resolved my issue but i supposed ill send a dm and see if there is anything you can do",
        "userDefined": false
      }
    ],
    "isTemplate": false,
    "count": 0,
    "lang": "en",
    "updated": 0
  },
  {
    "id": "819ccc04-bd52-4e61-8916-f28359463ec5",
    "data": [
      {
        "text": "Why is my service late?",
        "userDefined": false
      }
    ],
    "isTemplate": false,
    "count": 0,
    "lang": "en",
    "updated": 0
  },
  {
    "id": "58a0f80c-6df4-48f7-9c70-440dfa43a0ac",
    "data": [
      {
        "text": "Service taking too long",
        "userDefined": false
      }
    ],
    "isTemplate": false,
    "count": 0,
    "lang": "en",
    "updated": 0
  },
  {
    "id": "788dd917-3759-46ec-b832-e9ef6faa4120",
    "data": [
      {
        "text": "Order/service not completed yet",
        "userDefined": false
      }
    ],
    "isTemplate": false,
    "count": 0,
    "lang": "en",
    "updated": 0
  },
  {
    "id": "b900c4d5-a253-43e8-afcb-929e5963aea9",
    "data": [
      {
        "text": "Is my request being processed?",
        "userDefined": false
      }
    ],
    "isTemplate": false,
    "count": 0,
    "lang": "en",
    "updated": 0
  },
  {
    "id": "d2f11f34-ccc9-42af-86e7-9675e87fdc6f",
    "data": [
      {
        "text": "Service status update",
        "userDefined": false
      }
    ],
    "isTemplate": false,
    "count": 0,
    "lang": "en",
    "updated": 0
  },
  {
    "id": "db42c59a-e329-4d42-8933-5db698882aab",
    "data": [
      {
        "text": "Where is my order?",
        "userDefined": false
      }
    ],
    "isTemplate": false,
    "count": 0,
    "lang": "en",
    "updated": 0
  },
  {
    "id": "0e558ee1-c70b-4ede-8116-e40de12728c6",
    "data": [
      {
        "text": "Check my service status",
        "userDefined": false
      }
    ],
    "isTemplate": false,
    "count": 0,
    "lang": "en",
    "updated": 0
  }
]