[
  {
    "id": "e094c230-8eb3-4bef-b057-9bc83f27e374",
    "data": [
      {
        "text": "i think i have all the information i need now just waiting for a reply from my vendor and then go ahead and install it",
        "userDefined": false
      }
    ],
    "isTemplate": false,
    "count": 0,
    "lang": "en",
    "updated": 0
  },
  {
    "id": "c045b1d3-1ca0-4cb1-92eb-be58386fa23c",
    "data": [
      {
        "text": "im still waiting when will fix applemusic bug of ios on the main screen when music is playing time is not counting does anyone else has the same problem",
        "userDefined": false
      }
    ],
    "isTemplate": false,
    "count": 0,
    "lang": "en",
    "updated": 0
  },
  {
    "id": "cf21a422-cfbf-4031-af29-0b932fe46bbc",
    "data": [
      {
        "text": "could you pls follow me so i can dm a question i got email purporting to be from godaddy but sending address looks suspect",
        "userDefined": false
      }
    ],
    "isTemplate": false,
    "count": 0,
    "lang": "en",
    "updated": 0
  },
  {
    "id": "970b7bef-97d8-400f-84ee-6445497321f9",
    "data": [
      {
        "text": "had to make a pit stop for quick plane fix but they fed us pizza while we waited thanks ineedmorewinethough",
        "userDefined": false
      }
    ],
    "isTemplate": false,
    "count": 0,
    "lang": "en",
    "updated": 0
  },
  {
    "id": "8cf0034a-c9c7-4f6a-a228-fa963576f21e",
    "data": [
      {
        "text": "can you help me out having some connection issues on my route tofrom work dm me please",
        "userDefined": false
      }
    ],
    "isTemplate": false,
    "count": 0,
    "lang": "en",
    "updated": 0
  },
  {
    "id": "24ed6d81-390a-4291-a96b-c2c0b13f076b",
    "data": [
      {
        "text": "i have a question but dont want to ask on twitter too long holding on phone do you have customer service dm thx",
        "userDefined": false
      }
    ],
    "isTemplate": false,
    "count": 0,
    "lang": "en",
    "updated": 0
  },
  {
    "id": "52cf6aa9-e0c8-46db-bd4a-4fc65d415e31",
    "data": [
      {
        "text": "please check your messages i have sent a dm",
        "userDefined": false
      }
    ],
    "isTemplate": false,
    "count": 0,
    "lang": "en",
    "updated": 0
  },
  {
    "id": "2d484c1d-d073-4cba-9441-893db98e0ed2",
    "data": [
      {
        "text": "sent you guys a dm never got a reply",
        "userDefined": false
      }
    ],
    "isTemplate": false,
    "count": 0,
    "lang": "en",
    "updated": 0
  },
  {
    "id": "b2b74f8a-031f-4845-a77b-9c3169049a24",
    "data": [
      {
        "text": "i just checked and the computer says i am the administrator on my computer",
        "userDefined": false
      }
    ],
    "isTemplate": false,
    "count": 0,
    "lang": "en",
    "updated": 0
  },
  {
    "id": "21d0e2ba-c5a7-4dea-9b89-562b0d736915",
    "data": [
      {
        "text": "need to contact customer service directly please dm contact email for customer service",
        "userDefined": false
      }
    ],
    "isTemplate": false,
    "count": 0,
    "lang": "en",
    "updated": 0
  },
  {
    "id": "c3543fe1-fc13-4251-9c50-ed5bdb54802e",
    "data": [
      {
        "text": "i have further questions about my ebay transaction i dmed to explain thanks",
        "userDefined": false
      }
    ],
    "isTemplate": false,
    "count": 0,
    "lang": "en",
    "updated": 0
  },
  {
    "id": "86f1585b-5027-4131-9311-d5015d30d1e5",
    "data": [
      {
        "text": "need further assistance about situation i dmed the recap and update thanks in advance",
        "userDefined": false
      }
    ],
    "isTemplate": false,
    "count": 0,
    "lang": "en",
    "updated": 0
  },
  {
    "id": "195f6b0a-997b-488c-ae9e-3738257ac71e",
    "data": [
      {
        "text": "need assistance bought item due to be delivered saturday never received item despite being marked as delivered no response from seller delivery services cannot assist with lostmissing package please advise",
        "userDefined": false
      }
    ],
    "isTemplate": false,
    "count": 0,
    "lang": "en",
    "updated": 0
  },
  {
    "id": "46d1b651-c2e6-44d8-b646-83825aaef6ed",
    "data": [
      {
        "text": "just sent you all my dm",
        "userDefined": false
      }
    ],
    "isTemplate": false,
    "count": 0,
    "lang": "en",
    "updated": 0
  },
  {
    "id": "5c265a6e-0847-4d99-9ca4-e99f20767e75",
    "data": [
      {
        "text": "I need more help",
        "userDefined": false
      }
    ],
    "isTemplate": false,
    "count": 0,
    "lang": "en",
    "updated": 0
  },
  {
    "id": "f8d9f09c-f906-4938-802c-395a34423c64",
    "data": [
      {
        "text": "Is my issue resolved?",
        "userDefined": false
      }
    ],
    "isTemplate": false,
    "count": 0,
    "lang": "en",
    "updated": 0
  },
  {
    "id": "65ae8a81-60a2-49af-8651-b17dd627acdc",
    "data": [
      {
        "text": "What should I do now?",
        "userDefined": false
      }
    ],
    "isTemplate": false,
    "count": 0,
    "lang": "en",
    "updated": 0
  },
  {
    "id": "349a0b30-da7b-42fe-ac86-43a60548a26f",
    "data": [
      {
        "text": "Still waiting for a response",
        "userDefined": false
      }
    ],
    "isTemplate": false,
    "count": 0,
    "lang": "en",
    "updated": 0
  },
  {
    "id": "d63e2a91-5e6a-46bf-aa56-9f909952f515",
    "data": [
      {
        "text": "Can you help me further?",
        "userDefined": false
      }
    ],
    "isTemplate": false,
    "count": 0,
    "lang": "en",
    "updated": 0
  },
  {
    "id": "07edc4a9-18c5-49d6-8c1d-89893625bb61",
    "data": [
      {
        "text": "What\u0027s the status?",
        "userDefined": false
      }
    ],
    "isTemplate": false,
    "count": 0,
    "lang": "en",
    "updated": 0
  },
  {
    "id": "56ac198b-aa22-4f8b-8258-62fc9da29ea7",
    "data": [
      {
        "text": "Any update?",
        "userDefined": false
      }
    ],
    "isTemplate": false,
    "count": 0,
    "lang": "en",
    "updated": 0
  }
]